_id,timestamp,directory,files_added,files_deleted,files_modified,size_added_gb,size_deleted_gb,size_modified_gb,total_files,current_space_gb
67be0b75469efd549db9c869,2025-02-25T18:27:01.559Z,/info,0,0,1,0,0,0.14261,4,0.9701
67be0b75469efd549db9c86a,2025-02-25T18:27:01.559Z,/scratch,0,0,0,0,0,0,5,0.01924
67be0b75469efd549db9c86b,2025-02-25T18:27:01.559Z,/projects,0,0,0,0,0,0,2,0.64564
67be0b75469efd549db9c86c,2025-02-25T18:27:01.559Z,/customers,0,0,0,0,0,0,3,0.00557
67be0b90469efd549db9c872,2025-02-25T18:27:28.455Z,/info,0,0,0,0,0,0,4,0.9701
67be0b90469efd549db9c873,2025-02-25T18:27:28.455Z,/scratch,1,0,0,0.0003,0,0,6,0.01954
67be0b90469efd549db9c874,2025-02-25T18:27:28.455Z,/projects,0,0,0,0,0,0,2,0.64564
67be0b90469efd549db9c875,2025-02-25T18:27:28.455Z,/customers,2,0,0,0.07963,0,0,5,0.0852
67be0c2c0134bbc33cc6bbb4,2025-02-25T18:30:04.859Z,/info,0,0,0,0,0,0,4,0.9701
67be0c2d0134bbc33cc6bbb5,2025-02-25T18:30:04.859Z,/scratch,2,1,0,0.1125,0.0001,0,7,0.13194
67be0c2d0134bbc33cc6bbb6,2025-02-25T18:30:04.859Z,/projects,0,0,1,0,0,0.00029,2,0.64593
67be0c2d0134bbc33cc6bbb7,2025-02-25T18:30:04.859Z,/customers,1,0,1,0.06143,0,-0.02788,6,0.11875
67be0e8400a78f52f8b65127,2025-02-25T18:40:04.498Z,/info,1,1,0,0.00022,0.5906,0,4,0.37971
67be0e8400a78f52f8b65128,2025-02-25T18:40:04.498Z,/scratch,6,0,2,0.031,0,-0.08956,13,0.07338
67be0e8400a78f52f8b65129,2025-02-25T18:40:04.498Z,/projects,1,1,0,0.03071,0.63613,0,2,0.04052
67be0e8400a78f52f8b6512a,2025-02-25T18:40:04.498Z,/customers,4,2,2,0.0349,0.05412,-0.05577,8,0.04376
67be10dc579d521c7152e7e6,2025-02-25T18:50:04.032Z,/info,3,1,1,0.08122,0.00028,-0.00021,6,0.46045
67be10dc579d521c7152e7e7,2025-02-25T18:50:04.032Z,/scratch,4,5,1,0.52111,0.02605,0.00005,12,0.56849
67be10dc579d521c7152e7e8,2025-02-25T18:50:04.032Z,/projects,1,0,2,0.00206,0,-0.02611,3,0.01647
67be10dc579d521c7152e7e9,2025-02-25T18:50:04.032Z,/customers,5,2,1,0.94207,0.00317,-0.00134,11,0.98132
67be133ce1011476b430512d,2025-02-25T19:00:12.184Z,/info,6,1,1,0.05552,0.08044,0.00006,11,0.43559
67be133ce1011476b430512e,2025-02-25T19:00:12.184Z,/scratch,5,0,3,0.00579,0,0.00208,17,0.57636
67be133ce1011476b430512f,2025-02-25T19:00:12.184Z,/projects,3,1,1,0.02816,0.00166,0.00054,5,0.04351
67be133de1011476b4305130,2025-02-25T19:00:12.184Z,/customers,7,0,3,0.00441,0,-0.00892,18,0.97681
67be158cdff5d72d9cbb0322,2025-02-25T19:10:04.340Z,/info,2,3,1,0.69135,0.00319,0.00092,10,1.12467
67be158cdff5d72d9cbb0323,2025-02-25T19:10:04.340Z,/scratch,7,2,0,0.77204,0.02214,0,22,1.32626
67be158cdff5d72d9cbb0324,2025-02-25T19:10:04.340Z,/projects,0,1,0,0,0.02775,0,4,0.01576
67be158cdff5d72d9cbb0325,2025-02-25T19:10:04.340Z,/customers,5,3,3,0.05478,0.00211,-0.00044,20,1.02905
67be17e51745f891fe6563bc,2025-02-25T19:20:05.374Z,/info,1,1,2,0.00041,0.0495,0.00009,10,1.07566
67be17e51745f891fe6563bd,2025-02-25T19:20:05.374Z,/scratch,4,1,0,0.03305,0.00014,0,25,1.35917
67be17e71745f891fe6563be,2025-02-25T19:20:05.374Z,/projects,1,1,0,0.0004,0.00007,0,4,0.01608
67be17e71745f891fe6563bf,2025-02-25T19:20:05.374Z,/customers,5,1,2,0.12849,0.02214,-0.00623,24,1.12916
67be1a3eab5887d2d001bbba,2025-02-25T19:30:05.835Z,/info,4,2,0,0.77827,0.01169,0,12,1.84224
67be1a3fab5887d2d001bbbb,2025-02-25T19:30:05.835Z,/scratch,3,2,1,0.0377,0.08613,0.00052,26,1.31126
67be1a3fab5887d2d001bbbc,2025-02-25T19:30:05.835Z,/projects,1,0,2,0.00032,0,-0.00074,5,0.01566
67be1a40ab5887d2d001bbbd,2025-02-25T19:30:05.835Z,/customers,3,3,4,0.06308,0.00362,0.00114,24,1.18976
67be1c94e2b0df9624ba53f3,2025-02-25T19:40:04.353Z,/info,4,3,2,0.80648,0.41901,0.00023,13,2.22995
67be1c94e2b0df9624ba53f4,2025-02-25T19:40:04.353Z,/scratch,4,0,1,0.94838,0,-0.00008,30,2.25956
67be1c94e2b0df9624ba53f5,2025-02-25T19:40:04.353Z,/projects,3,1,1,0.10139,0.00032,0.00053,7,0.11725
67be1c94e2b0df9624ba53f6,2025-02-25T19:40:04.353Z,/customers,7,1,3,0.06176,0.00038,-0.00179,30,1.24935
67be1ef0032eb2dc3ed3ab9c,2025-02-25T19:50:08.783Z,/info,1,1,0,0.00032,0.16641,0,13,2.06386
67be1ef0032eb2dc3ed3ab9d,2025-02-25T19:50:08.783Z,/scratch,2,3,2,0.00729,0.06333,0.00073,29,2.20426
67be1ef1032eb2dc3ed3ab9e,2025-02-25T19:50:08.783Z,/projects,1,1,1,0.67825,0.01457,0.0009,7,0.78184
67be1ef1032eb2dc3ed3ab9f,2025-02-25T19:50:08.783Z,/customers,5,3,1,0.14629,0.03548,0.00048,32,1.36064
67be2144794145dc5ea71c95,2025-02-25T20:00:04.059Z,/info,4,1,0,0.29905,0.7421,0,16,1.62082
67be2144794145dc5ea71c96,2025-02-25T20:00:04.059Z,/scratch,7,0,4,0.16816,0,0.0004,36,2.37282
67be2144794145dc5ea71c97,2025-02-25T20:00:04.059Z,/projects,4,0,1,0.03119,0,-0.00005,11,0.81298
67be2144794145dc5ea71c98,2025-02-25T20:00:04.059Z,/customers,4,3,2,0.81837,0.08201,-0.01145,33,2.08556
67be239c3b4c086a4eef6811,2025-02-25T20:10:04.254Z,/info,4,1,3,0.2034,0.00053,-0.07369,19,1.74999
67be239c3b4c086a4eef6812,2025-02-25T20:10:04.254Z,/scratch,8,1,0,0.68989,0.71408,0,43,2.34862
67be239c3b4c086a4eef6813,2025-02-25T20:10:04.254Z,/projects,0,1,2,0,0.00445,0.00084,10,0.80937
67be239c3b4c086a4eef6814,2025-02-25T20:10:04.254Z,/customers,4,0,2,0.00398,0,0.00027,37,2.08981
67be25f480b91b7f953e1053,2025-02-25T20:20:04.012Z,/info,1,0,1,0.68668,0,-0.60934,20,1.82733
67be25f480b91b7f953e1054,2025-02-25T20:20:04.012Z,/scratch,4,2,2,0.11953,0.00335,-0.00278,45,2.46201
67be25f480b91b7f953e1055,2025-02-25T20:20:04.012Z,/projects,3,1,2,0.09372,0.00028,-0.00056,12,0.90224
67be25f480b91b7f953e1056,2025-02-25T20:20:04.012Z,/customers,6,6,4,0.00782,0.0571,-0.01781,37,2.02272
67be284dc030661f768f1a72,2025-02-25T20:30:04.961Z,/info,5,2,3,0.12312,0.45114,-0.26116,23,1.23815
67be284dc030661f768f1a73,2025-02-25T20:30:04.961Z,/scratch,5,3,2,0.08697,0.00302,-0.36071,47,2.18524
67be284dc030661f768f1a74,2025-02-25T20:30:04.961Z,/projects,0,3,2,0,0.09814,-0.00121,9,0.80289
67be284dc030661f768f1a75,2025-02-25T20:30:04.961Z,/customers,8,4,2,0.01837,0.75952,-0.04827,41,1.23331
67be2aa70f8b7514a8aea43c,2025-02-25T20:40:07.391Z,/info,2,6,1,0.04811,0.83514,0.00074,19,0.45185
67be2aa80f8b7514a8aea43d,2025-02-25T20:40:07.391Z,/scratch,6,1,3,0.01825,0.0015,-0.00004,52,2.20196
67be2aa80f8b7514a8aea43e,2025-02-25T20:40:07.391Z,/projects,1,2,0,0.09693,0.1205,0,8,0.77932
67be2aa80f8b7514a8aea43f,2025-02-25T20:40:07.391Z,/customers,8,4,4,0.00724,0.02139,0.00006,45,1.21921
67be2d010d05757537b86c57,2025-02-25T20:50:09.307Z,/info,5,2,1,0.12784,0.00024,0.00057,22,0.58003
67be2d030d05757537b86c58,2025-02-25T20:50:09.307Z,/scratch,4,2,4,0.23235,0.03451,0.00143,54,2.40123
67be2d040d05757537b86c59,2025-02-25T20:50:09.307Z,/projects,1,0,2,0.00006,0,-0.0001,9,0.77928
67be2d050d05757537b86c5a,2025-02-25T20:50:09.307Z,/customers,9,6,2,0.6409,0.95765,0.00055,48,0.90301
67be2f54e0e8660425a84374,2025-02-25T21:00:04.283Z,/info,3,0,1,0.98508,0,0.00077,25,1.56588
67be2f54e0e8660425a84375,2025-02-25T21:00:04.283Z,/scratch,2,2,0,0.14067,0.00432,0,54,2.53758
67be2f54e0e8660425a84376,2025-02-25T21:00:04.283Z,/projects,1,1,2,0.0201,0.00038,0.00098,9,0.79999
67be2f54e0e8660425a84377,2025-02-25T21:00:04.283Z,/customers,3,3,3,0.05566,0.00425,-0.6148,48,0.33962
67be31aed3f147ac800d2283,2025-02-25T21:10:06.200Z,/info,3,2,3,0.10591,0.1611,0.001,26,1.51169
67be31aed3f147ac800d2284,2025-02-25T21:10:06.200Z,/scratch,9,2,2,0.13868,0.09221,0.00002,61,2.58407
67be31aed3f147ac800d2285,2025-02-25T21:10:06.200Z,/projects,1,1,1,0.08524,0.00001,0.00135,9,0.88656
67be31aed3f147ac800d2286,2025-02-25T21:10:06.200Z,/customers,5,2,6,0.00647,0.00204,-0.00334,51,0.34072
67be3404f981f601a8a1b317,2025-02-25T21:20:04.129Z,/info,4,4,4,0.48744,0.11518,-0.01316,26,1.87078
67be3404f981f601a8a1b318,2025-02-25T21:20:04.129Z,/scratch,5,3,4,0.65605,0.61101,0.00186,63,2.63097
67be3404f981f601a8a1b319,2025-02-25T21:20:04.129Z,/projects,2,0,1,0.61056,0,0.00087,11,1.498
67be3404f981f601a8a1b31a,2025-02-25T21:20:04.129Z,/customers,5,4,3,0.08571,0.00109,-0.00101,52,0.42432
67be365c280dd51b85c05d53,2025-02-25T21:30:04.706Z,/info,4,0,1,0.00152,0,-0.00061,30,1.87169
67be365c280dd51b85c05d54,2025-02-25T21:30:04.706Z,/scratch,6,1,0,0.08373,0.00103,0,68,2.71366
67be365c280dd51b85c05d55,2025-02-25T21:30:04.706Z,/projects,1,1,2,0.00017,0.0201,-0.00112,11,1.47696
67be365d280dd51b85c05d56,2025-02-25T21:30:04.706Z,/customers,6,1,7,0.06906,0.00014,-0.00187,57,0.49137
67be38b4d1d2a4e33247131d,2025-02-25T21:40:04.399Z,/info,3,4,2,0.07888,0.85882,-0.05159,29,1.04016
67be38b4d1d2a4e33247131e,2025-02-25T21:40:04.399Z,/scratch,6,3,0,0.14405,0.00455,0,71,2.85316
67be38b4d1d2a4e33247131f,2025-02-25T21:40:04.399Z,/projects,0,0,2,0,0,0.00077,11,1.47773
67be38b4d1d2a4e332471320,2025-02-25T21:40:04.399Z,/customers,6,2,1,0.86808,0.05707,-0.00081,61,1.30157
67be3b0cdb29c54940c29e2b,2025-02-25T21:50:04.349Z,/info,3,3,5,1.66977,0.03464,-0.3639,29,2.31138
67be3b0cdb29c54940c29e2c,2025-02-25T21:50:04.349Z,/scratch,6,4,2,0.00495,0.02205,-0.00117,73,2.83489
67be3b0cdb29c54940c29e2d,2025-02-25T21:50:04.349Z,/projects,3,0,0,0.39182,0,0,14,1.86955
67be3b0cdb29c54940c29e2e,2025-02-25T21:50:04.349Z,/customers,7,4,0,0.06411,0.08396,0,64,1.28172
67be3d69df9c34b1f5c875c1,2025-02-25T22:00:09.755Z,/info,0,0,1,0,0,0.00028,29,2.31166
67be3d6adf9c34b1f5c875c2,2025-02-25T22:00:09.755Z,/scratch,8,1,1,0.13461,0.0004,0.00065,80,2.96974
67be3d6adf9c34b1f5c875c3,2025-02-25T22:00:09.755Z,/projects,1,0,2,0.00366,0,-0.10056,15,1.77264
67be3d6adf9c34b1f5c875c4,2025-02-25T22:00:09.755Z,/customers,5,3,5,0.04009,0.86085,0.00107,66,0.46203
67be3fbc03ab63a8c24746ff,2025-02-25T22:10:04.225Z,/info,3,0,1,0.73214,0,-0.0026,32,3.0412
67be3fbc03ab63a8c2474700,2025-02-25T22:10:04.225Z,/scratch,6,3,0,0.697,0.65639,0,83,3.01035
67be3fbc03ab63a8c2474701,2025-02-25T22:10:04.225Z,/projects,1,0,2,0.00025,0,0.00043,16,1.77332
67be3fbc03ab63a8c2474702,2025-02-25T22:10:04.225Z,/customers,9,0,4,0.06297,0,0.00151,75,0.52651
67be4214f660e7f0d1f161ab,2025-02-25T22:20:04.713Z,/info,3,0,0,1.78772,0,0,35,4.82892
67be4214f660e7f0d1f161ac,2025-02-25T22:20:04.713Z,/scratch,4,1,3,0.01336,0.00182,-0.00079,86,3.0211
67be4215f660e7f0d1f161ad,2025-02-25T22:20:04.713Z,/projects,1,1,3,0.00027,0.07005,-0.02483,16,1.67871
67be4215f660e7f0d1f161ae,2025-02-25T22:20:04.713Z,/customers,7,2,1,0.14465,0.06066,0.0002,80,0.6107
67be446fb9c2b7c44e11f2aa,2025-02-25T22:30:07.068Z,/info,1,1,0,0.09057,0.08688,0,35,4.83261
67be446fb9c2b7c44e11f2ab,2025-02-25T22:30:07.068Z,/scratch,4,1,0,1.07711,0.62519,0,89,3.47302
67be446fb9c2b7c44e11f2ac,2025-02-25T22:30:07.068Z,/projects,0,1,2,0,0.58007,-0.28382,15,0.81482
67be446fb9c2b7c44e11f2ad,2025-02-25T22:30:07.068Z,/customers,5,1,4,0.05509,0.00031,-0.0002,84,0.66528
67be46c505ce1bd2b1d85f3a,2025-02-25T22:40:05.259Z,/info,3,2,3,0.2468,0.00503,-0.0003,36,5.07408
67be46c505ce1bd2b1d85f3b,2025-02-25T22:40:05.259Z,/scratch,4,2,2,0.41412,0.03382,0.00079,91,3.85411
67be46c505ce1bd2b1d85f3c,2025-02-25T22:40:05.259Z,/projects,2,1,3,0.01657,0.00027,-0.0668,16,0.76432
67be46c505ce1bd2b1d85f3d,2025-02-25T22:40:05.259Z,/customers,3,6,5,0.01574,0.00633,0.0001,81,0.6748
67be491daa5a8950c6aeec72,2025-02-25T22:50:05.062Z,/info,3,2,2,0.03583,0.24171,-0.04396,37,4.82424
67be491daa5a8950c6aeec73,2025-02-25T22:50:05.062Z,/scratch,2,0,0,0.01139,0,0,93,3.86549
67be491daa5a8950c6aeec74,2025-02-25T22:50:05.062Z,/projects,4,0,0,1.05534,0,0,20,1.81966
67be491daa5a8950c6aeec75,2025-02-25T22:50:05.062Z,/customers,7,0,3,0.9898,0,0.00121,88,1.66581
67be4b73081ff202f9ab5a87,2025-02-25T23:00:03.832Z,/info,7,0,1,0.40456,0,0.00076,44,5.22956
67be4b73081ff202f9ab5a88,2025-02-25T23:00:03.832Z,/scratch,10,1,2,0.11882,0.00025,0.00069,102,3.98475
67be4b74081ff202f9ab5a89,2025-02-25T23:00:03.832Z,/projects,2,1,0,0.03831,0.0039,0,21,1.85408
67be4b74081ff202f9ab5a8a,2025-02-25T23:00:03.832Z,/customers,3,2,2,0.00656,0.00223,-0.02798,89,1.64215
67be4dcc3c4535966485b9ee,2025-02-25T23:10:04.425Z,/info,2,4,2,0.00248,0.85438,-0.01072,42,4.36694
67be4dcc3c4535966485b9ef,2025-02-25T23:10:04.425Z,/scratch,2,3,6,0.0699,0.00665,-0.03097,101,4.01703
67be4dcc3c4535966485b9f0,2025-02-25T23:10:04.425Z,/projects,4,1,0,0.02059,0.00036,0,24,1.8743
67be4dcc3c4535966485b9f1,2025-02-25T23:10:04.425Z,/customers,4,2,4,0.13969,0.00332,-0.00096,91,1.77756
67be505876ba04a9d4b32f97,2025-02-25T23:20:56.102Z,/info,4,1,5,0.79235,0.03482,-0.0005,45,5.12397
67be505876ba04a9d4b32f98,2025-02-25T23:20:56.102Z,/scratch,7,1,2,0.21063,0.00033,0.00004,107,4.22737
67be505876ba04a9d4b32f99,2025-02-25T23:20:56.102Z,/projects,0,1,2,0,0.0041,-0.71863,23,1.15157
67be505876ba04a9d4b32f9a,2025-02-25T23:20:56.102Z,/customers,4,2,4,0.21486,0.0002,0.00078,93,1.993
67be527cbf3832f35b9d7671,2025-02-25T23:30:04.608Z,/info,3,0,1,0.19122,0,-0.00494,48,5.31025
67be527cbf3832f35b9d7672,2025-02-25T23:30:04.608Z,/scratch,4,1,2,0.78922,0.00002,-0.05004,110,4.96653
67be527cbf3832f35b9d7673,2025-02-25T23:30:04.608Z,/projects,2,1,1,0.00042,0.00303,-0.01862,24,1.13034
67be527cbf3832f35b9d7674,2025-02-25T23:30:04.608Z,/customers,3,2,4,0.00187,0.0336,0.00003,94,1.9613
67be54d4f2b58f5f6daf3baa,2025-02-25T23:40:04.434Z,/info,2,0,3,0.01797,0,-0.00267,50,5.32555
67be54d4f2b58f5f6daf3bab,2025-02-25T23:40:04.434Z,/scratch,4,2,1,0.2939,0.00045,0.00032,112,5.26031
67be54d4f2b58f5f6daf3bac,2025-02-25T23:40:04.434Z,/projects,2,0,2,0.00874,0,-0.00006,26,1.13902
67be54d4f2b58f5f6daf3bad,2025-02-25T23:40:04.434Z,/customers,2,5,2,0.11319,0.07698,-0.00047,91,1.99703
67be57354ef186edd1e7f966,2025-02-25T23:50:12.436Z,/info,6,2,0,0.39884,0.00032,0,54,5.72407
67be57354ef186edd1e7f967,2025-02-25T23:50:12.436Z,/scratch,4,3,2,0.00144,0.79385,0.00125,113,4.46915
67be57364ef186edd1e7f968,2025-02-25T23:50:12.436Z,/projects,3,1,3,0.00069,0.01621,-0.00031,28,1.1232
67be57374ef186edd1e7f969,2025-02-25T23:50:12.436Z,/customers,5,3,0,0.04744,0.01708,0,93,2.02739
67be598487cb766f1e6bd139,2025-02-26T00:00:04.750Z,/info,3,2,0,0.78964,0.10996,0,55,6.40374
67be598487cb766f1e6bd13a,2025-02-26T00:00:04.750Z,/scratch,7,3,3,0.01033,0.01241,-0.0102,117,4.45685
67be598587cb766f1e6bd13b,2025-02-26T00:00:04.750Z,/projects,1,1,2,0.35454,0.00132,-0.01975,28,1.45668
67be598587cb766f1e6bd13c,2025-02-26T00:00:04.750Z,/customers,6,3,3,0.37748,0.00459,0.00048,96,2.40075
67be5bddc8b52d60f4a29aee,2025-02-26T00:10:05.215Z,/info,2,2,2,0.00223,0.67944,0.0002,55,5.72673
67be5bddc8b52d60f4a29aef,2025-02-26T00:10:05.215Z,/scratch,10,1,1,0.35425,0.00019,-0.08458,126,4.72634
67be5bddc8b52d60f4a29af0,2025-02-26T00:10:05.215Z,/projects,2,1,0,0.00526,0.00006,0,29,1.46188
67be5bdec8b52d60f4a29af1,2025-02-26T00:10:05.215Z,/customers,2,3,1,0.06578,0.06482,-0.00002,95,2.40169
67be5e344a6a662c6f8c5b02,2025-02-26T00:20:04.730Z,/info,5,0,0,0.63419,0,0,60,6.36093
67be5e354a6a662c6f8c5b03,2025-02-26T00:20:04.730Z,/scratch,4,0,4,0.10955,0,-0.03252,130,4.80337
67be5e354a6a662c6f8c5b04,2025-02-26T00:20:04.730Z,/projects,2,1,1,0.00907,0.35454,-0.00021,30,1.1162
67be5e354a6a662c6f8c5b05,2025-02-26T00:20:04.730Z,/customers,6,7,1,0.00802,0.19448,0.00001,94,2.21523
67be608df35e35c74a8f2051,2025-02-26T00:30:05.398Z,/info,1,0,1,0.83079,0,0.00095,61,7.19267
67be608df35e35c74a8f2052,2025-02-26T00:30:05.398Z,/scratch,8,2,1,0.688,0.08272,-0.00004,136,5.40861
67be608df35e35c74a8f2053,2025-02-26T00:30:05.398Z,/projects,1,0,3,0.07129,0,-0.00025,31,1.18724
67be608df35e35c74a8f2054,2025-02-26T00:30:05.398Z,/customers,8,5,7,0.01377,0.00793,-0.09599,97,2.12509
67be62e557dccdee81a26f83,2025-02-26T00:40:05.362Z,/info,2,1,1,0.24262,0.27761,0.00023,62,7.15791
67be62e557dccdee81a26f84,2025-02-26T00:40:05.362Z,/scratch,3,2,4,0.00586,0.00084,-0.0257,137,5.38792
67be62e557dccdee81a26f85,2025-02-26T00:40:05.362Z,/projects,5,1,1,0.02792,0.07129,0.0005,35,1.14438
67be62e557dccdee81a26f86,2025-02-26T00:40:05.362Z,/customers,6,5,6,0.04865,0.34042,-0.03578,98,1.79754
67be653c392a74ff7b6e7158,2025-02-26T00:50:04.848Z,/info,5,2,3,0.08001,0.00488,-0.00157,65,7.23146
67be653d392a74ff7b6e7159,2025-02-26T00:50:04.848Z,/scratch,4,2,1,0.17223,0.00288,-0.00013,139,5.55714
67be653d392a74ff7b6e715a,2025-02-26T00:50:04.848Z,/projects,3,1,2,0.00391,0.00008,0.0003,37,1.14852
67be653d392a74ff7b6e715b,2025-02-26T00:50:04.848Z,/customers,4,4,4,0.00788,0.00065,-0.016,98,1.78876
67be679444851f5a222ef559,2025-02-26T01:00:04.739Z,/info,4,0,5,0.09211,0,-0.30681,69,7.01676
67be679444851f5a222ef55a,2025-02-26T01:00:04.739Z,/scratch,6,2,1,0.48379,0.67906,-0.00194,143,5.35993
67be679544851f5a222ef55b,2025-02-26T01:00:04.739Z,/projects,3,0,2,0.00434,0,0.0011,40,1.15395
67be679544851f5a222ef55c,2025-02-26T01:00:04.739Z,/customers,6,3,4,0.79689,0.00483,-0.03465,101,2.54617
67be69edf4b962f1c910bae2,2025-02-26T01:10:05.408Z,/info,4,0,5,1.48388,0,-0.94079,73,7.55985
67be69edf4b962f1c910bae3,2025-02-26T01:10:05.408Z,/scratch,4,0,3,0.0961,0,-0.111,147,5.34503
67be69edf4b962f1c910bae4,2025-02-26T01:10:05.408Z,/projects,0,3,2,0,0.01713,0.00177,37,1.13859
67be69edf4b962f1c910bae5,2025-02-26T01:10:05.408Z,/customers,4,1,1,0.00848,0.0004,-0.00037,104,2.55388
67be6c61bdd064006878e692,2025-02-26T01:20:33.822Z,/info,1,0,0,0.00244,0,0,74,7.56229
67be6c61bdd064006878e693,2025-02-26T01:20:33.822Z,/scratch,7,2,3,0.16345,0.00015,-0.0833,152,5.42503
67be6c62bdd064006878e694,2025-02-26T01:20:33.822Z,/projects,0,1,3,0,0.00103,-0.09917,36,1.03839
67be6c62bdd064006878e695,2025-02-26T01:20:33.822Z,/customers,6,0,3,0.03171,0,-0.00863,110,2.57696
67be6e9d660ba00417de9ddd,2025-02-26T01:30:05.743Z,/info,4,2,6,0.00591,0.00178,0.00094,76,7.56736
67be6e9d660ba00417de9dde,2025-02-26T01:30:05.743Z,/scratch,6,0,2,0.1011,0,0.00119,158,5.52731
67be6e9e660ba00417de9ddf,2025-02-26T01:30:05.743Z,/projects,1,1,3,0.03251,0.0011,-0.00029,36,1.06951
67be6e9e660ba00417de9de0,2025-02-26T01:30:05.743Z,/customers,3,4,7,0.00774,0.00214,0.00085,109,2.58341
67be70f563709d4aa530ee9d,2025-02-26T01:40:04.998Z,/info,5,3,3,0.15004,1.00593,-0.28353,78,6.42794
67be70f563709d4aa530ee9e,2025-02-26T01:40:04.998Z,/scratch,6,1,1,0.21622,0.00044,0.00071,163,5.74382
67be70f563709d4aa530ee9f,2025-02-26T01:40:04.998Z,/projects,0,1,1,0,0.00093,0.00009,35,1.06867
67be70f563709d4aa530eea0,2025-02-26T01:40:04.998Z,/customers,5,2,3,0.07336,0.00068,0.00124,112,2.65733
67be734ebbdd51845f6fa022,2025-02-26T01:50:06.563Z,/info,1,0,2,0.77358,0,0.00085,79,7.20238
67be734ebbdd51845f6fa023,2025-02-26T01:50:06.563Z,/scratch,7,2,2,0.01441,0.00315,0.0005,168,5.75558
67be734ebbdd51845f6fa024,2025-02-26T01:50:06.563Z,/projects,1,0,2,0.04875,0,-0.00115,36,1.11626
67be734ebbdd51845f6fa025,2025-02-26T01:50:06.563Z,/customers,6,2,4,0.12267,0.013,-0.00023,116,2.76677
67be75a9727da413b9d3419c,2025-02-26T02:00:09.524Z,/info,2,0,1,0.89248,0,-0.08046,81,8.0144
67be75a9727da413b9d3419d,2025-02-26T02:00:09.524Z,/scratch,2,2,4,0.00743,0.14095,-0.00151,168,5.62054
67be75a9727da413b9d3419e,2025-02-26T02:00:09.524Z,/projects,3,2,1,0.58666,0.00338,0.00086,37,1.7004
67be75a9727da413b9d3419f,2025-02-26T02:00:09.524Z,/customers,4,2,2,0.0652,0.00218,0.001,118,2.83078
67be77fd1c8385625231b0bf,2025-02-26T02:10:05.686Z,/info,2,0,1,0.15291,0,0.00012,83,8.16743
67be77fd1c8385625231b0c0,2025-02-26T02:10:05.686Z,/scratch,5,4,0,0.15985,0.01188,0,169,5.76851
67be77fe1c8385625231b0c1,2025-02-26T02:10:05.686Z,/projects,1,0,1,0.71602,0,0.00028,38,2.4167
67be77fe1c8385625231b0c2,2025-02-26T02:10:05.686Z,/customers,7,4,4,0.01827,0.73738,0.00182,121,2.1135
67be7a828227d31c500e9942,2025-02-26T02:20:50.378Z,/info,1,6,5,0.0873,0.81915,-0.47479,78,6.96078
67be7a828227d31c500e9943,2025-02-26T02:20:50.378Z,/scratch,11,2,2,0.14624,0.15911,0.00008,178,5.75572
67be7a828227d31c500e9944,2025-02-26T02:20:50.378Z,/projects,1,2,0,0.00018,0.7539,0,37,1.66298
67be7a828227d31c500e9945,2025-02-26T02:20:50.378Z,/customers,4,1,1,0.48002,0.00437,0.00027,124,2.58941
67be7cac4075ee9996b0614c,2025-02-26T02:30:04.589Z,/info,4,6,5,0.03951,0.06216,-0.19103,76,6.7471
67be7cac4075ee9996b0614d,2025-02-26T02:30:04.589Z,/scratch,3,5,0,0.07561,0.02594,0,176,5.80539
67be7cac4075ee9996b0614e,2025-02-26T02:30:04.589Z,/projects,2,0,0,0.04788,0,0,39,1.71087
67be7cac4075ee9996b0614f,2025-02-26T02:30:04.589Z,/customers,5,1,2,0.00666,0.0033,-0.00056,128,2.59221
67be7f041ec4f6d1b6c05438,2025-02-26T02:40:04.333Z,/info,4,3,2,0.07876,0.07919,-0.07772,77,6.66894
67be7f041ec4f6d1b6c05439,2025-02-26T02:40:04.333Z,/scratch,8,1,0,0.13413,0.0002,0,183,5.93932
67be7f041ec4f6d1b6c0543a,2025-02-26T02:40:04.333Z,/projects,1,1,1,0.00041,0.00119,-0.01217,39,1.69793
67be7f041ec4f6d1b6c0543b,2025-02-26T02:40:04.333Z,/customers,5,4,2,0.11002,0.06745,-0.0754,129,2.55939
67be815cb564f647bd6037af,2025-02-26T02:50:04.306Z,/info,4,1,2,0.17184,0.0004,0.00074,80,6.84112
67be815cb564f647bd6037b0,2025-02-26T02:50:04.306Z,/scratch,4,3,4,0.07452,0.0346,0.00011,184,5.97935
67be815cb564f647bd6037b1,2025-02-26T02:50:04.306Z,/projects,1,1,1,0.00069,0.00002,0.00097,39,1.69957
67be815cb564f647bd6037b2,2025-02-26T02:50:04.306Z,/customers,4,5,4,0.13281,0.04251,0.00406,128,2.65374
67be83be2d8c482cace0a40b,2025-02-26T03:00:13.660Z,/info,3,1,0,0.1209,0.00158,0,82,6.96044
67be83bf2d8c482cace0a40c,2025-02-26T03:00:13.660Z,/scratch,4,2,2,0.08287,0.07413,0.00135,186,5.98945
67be83bf2d8c482cace0a40d,2025-02-26T03:00:13.660Z,/projects,2,2,0,0.50952,0.02946,0,39,2.17963
67be83c02d8c482cace0a40e,2025-02-26T03:00:13.660Z,/customers,7,2,4,0.0185,0.00452,-0.00646,133,2.66126
67be860edd32a6cf020d8ab1,2025-02-26T03:10:06.235Z,/info,5,0,0,0.39116,0,0,87,7.3516
67be860fdd32a6cf020d8ab2,2025-02-26T03:10:06.235Z,/scratch,5,3,4,0.02619,0.01355,-0.00215,188,5.99993
67be8610dd32a6cf020d8ab3,2025-02-26T03:10:06.235Z,/projects,0,2,0,0,0.00078,0,37,2.17886
67be8611dd32a6cf020d8ab4,2025-02-26T03:10:06.235Z,/customers,6,1,0,0.07384,0.00006,0,138,2.73505
67be88643a72a69121212759,2025-02-26T03:20:04.249Z,/info,2,4,3,0.00486,0.08252,-0.00314,85,7.2708
67be88643a72a6912121275a,2025-02-26T03:20:04.249Z,/scratch,7,2,3,0.74663,0.06922,0.00091,193,6.67824
67be88643a72a6912121275b,2025-02-26T03:20:04.249Z,/projects,1,1,1,0.03409,0.00081,-0.41853,37,1.7936
67be88643a72a6912121275c,2025-02-26T03:20:04.249Z,/customers,7,2,2,0.78133,0.00352,0.00106,143,3.51392
67be8abdcb269141abb0cc08,2025-02-26T03:30:04.984Z,/info,5,3,3,0.07694,0.0812,0.00106,87,7.2676
67be8abdcb269141abb0cc09,2025-02-26T03:30:04.984Z,/scratch,9,4,0,0.00805,0.08875,0,198,6.59754
67be8abdcb269141abb0cc0a,2025-02-26T03:30:04.984Z,/projects,1,0,2,0.14974,0,0.00129,38,1.94463
67be8abdcb269141abb0cc0b,2025-02-26T03:30:04.984Z,/customers,1,1,6,0.00457,0.00015,-0.03525,143,3.48309
67be8d153a979899023bb07b,2025-02-26T03:40:04.995Z,/info,3,1,5,0.01153,0.0035,-0.09805,89,7.17758
67be8d153a979899023bb07c,2025-02-26T03:40:04.995Z,/scratch,6,3,3,0.10433,0.08002,0.00044,201,6.62229
67be8d153a979899023bb07d,2025-02-26T03:40:04.995Z,/projects,1,0,0,0.8067,0,0,39,2.75133
67be8d153a979899023bb07e,2025-02-26T03:40:04.995Z,/customers,7,7,5,0.00356,0.02004,-0.04175,143,3.42485
67be8f6d21b7d881e6ac2c30,2025-02-26T03:50:04.919Z,/info,4,2,4,0.49968,0.02616,-0.07126,91,7.57984
67be8f6d21b7d881e6ac2c31,2025-02-26T03:50:04.919Z,/scratch,7,2,4,0.06111,0.00211,-0.00342,206,6.67786
67be8f6d21b7d881e6ac2c32,2025-02-26T03:50:04.919Z,/projects,0,1,3,0,0.01103,-0.62996,38,2.11034
67be8f6d21b7d881e6ac2c33,2025-02-26T03:50:04.919Z,/customers,7,2,2,0.02963,0.06792,-0.00372,148,3.38285
67be91c537d35ec4c04acd25,2025-02-26T04:00:05.067Z,/info,4,2,4,0.12295,0.01125,0.00319,93,7.69472
67be91c537d35ec4c04acd26,2025-02-26T04:00:05.067Z,/scratch,4,2,0,0.14952,0.02655,0,208,6.80083
67be91c537d35ec4c04acd27,2025-02-26T04:00:05.067Z,/projects,2,1,2,0.38383,0.0001,0.00107,39,2.49514
67be91c537d35ec4c04acd28,2025-02-26T04:00:05.067Z,/customers,6,2,2,0.01183,0.00385,0.00064,152,3.39147
67be941c4de2d8e2756da539,2025-02-26T04:10:04.615Z,/info,3,2,3,0.03679,0.03847,-0.0001,94,7.69294
67be941c4de2d8e2756da53a,2025-02-26T04:10:04.615Z,/scratch,11,1,2,0.05391,0.03509,-0.05689,218,6.76277
67be941c4de2d8e2756da53b,2025-02-26T04:10:04.615Z,/projects,2,1,0,0.00058,0.00016,0,40,2.49557
67be941d4de2d8e2756da53c,2025-02-26T04:10:04.615Z,/customers,5,2,4,0.18079,0.00372,-0.00083,155,3.5677
67be9675b22d0cdd69ae2710,2025-02-26T04:20:05.116Z,/info,4,4,6,0.12196,0.14456,0.0018,94,7.67214
67be9675b22d0cdd69ae2711,2025-02-26T04:20:05.116Z,/scratch,6,1,2,0.07405,0.00234,0.00039,223,6.83487
67be9675b22d0cdd69ae2712,2025-02-26T04:20:05.116Z,/projects,0,2,1,0,0.00109,0.0002,38,2.49468
67be9675b22d0cdd69ae2713,2025-02-26T04:20:05.116Z,/customers,5,0,2,0.14534,0,0.00156,160,3.7146
67be98ce16f5e538d7d2282b,2025-02-26T04:30:06.221Z,/info,1,8,1,0.07733,0.89958,0.00096,87,6.85085
67be98d016f5e538d7d2282c,2025-02-26T04:30:06.221Z,/scratch,4,0,1,0.72056,0,0.00078,227,7.55621
67be98d116f5e538d7d2282d,2025-02-26T04:30:06.221Z,/projects,2,0,2,0.57281,0,-0.00043,40,3.06705
67be98d216f5e538d7d2282e,2025-02-26T04:30:06.221Z,/customers,2,6,4,0.00373,0.01511,-0.01118,156,3.69204
67be9b2410875b807e0cd791,2025-02-26T04:40:04.138Z,/info,3,2,2,0.12126,0.05125,0.00136,88,6.92222
67be9b2410875b807e0cd792,2025-02-26T04:40:04.138Z,/scratch,4,1,2,0.00317,0.00024,0.00039,230,7.55953
67be9b2410875b807e0cd793,2025-02-26T04:40:04.138Z,/projects,2,1,0,0.01165,0.00141,0,41,3.0773
67be9b2410875b807e0cd794,2025-02-26T04:40:04.138Z,/customers,4,1,3,0.06397,0.00213,-0.00318,159,3.75069
67be9d7c873cd338f7ae117e,2025-02-26T04:50:04.803Z,/info,6,0,1,0.66831,0,0.00092,94,7.59145
67be9d7d873cd338f7ae117f,2025-02-26T04:50:04.803Z,/scratch,5,4,1,0.09621,0.09887,0.00011,231,7.55697
67be9d7d873cd338f7ae1180,2025-02-26T04:50:04.803Z,/projects,1,0,3,0.08295,0,-0.1803,42,2.97994
67be9d7d873cd338f7ae1181,2025-02-26T04:50:04.803Z,/customers,5,0,0,0.21727,0,0,164,3.96796
67be9fd321853fe66a20e2f2,2025-02-26T05:00:03.778Z,/info,1,0,0,0.14054,0,0,95,7.73199
67be9fd421853fe66a20e2f3,2025-02-26T05:00:03.778Z,/scratch,4,1,4,0.03157,0.13468,0.00094,234,7.4548
67be9fd421853fe66a20e2f4,2025-02-26T05:00:03.778Z,/projects,0,1,1,0,0.50998,0.00055,41,2.47052
67be9fd421853fe66a20e2f5,2025-02-26T05:00:03.778Z,/customers,6,0,4,0.11464,0,0.00173,170,4.08432
67bea22ee1d2ce3b32e682fc,2025-02-26T05:10:06.133Z,/info,5,3,1,0.03571,0.57934,0.00024,97,7.1886
67bea22ee1d2ce3b32e682fd,2025-02-26T05:10:06.133Z,/scratch,5,4,4,0.08398,0.00611,-0.00108,235,7.53159
67bea22ee1d2ce3b32e682fe,2025-02-26T05:10:06.133Z,/projects,1,1,2,0.08125,0.08776,-0.02533,41,2.43867
67bea22ee1d2ce3b32e682ff,2025-02-26T05:10:06.133Z,/customers,4,2,4,0.11976,0.00187,-0.00046,172,4.20176
67bea486d81a6c43b516c49b,2025-02-26T05:20:06.044Z,/info,2,1,4,0.61171,0.01222,0.00184,98,7.78993
67bea486d81a6c43b516c49c,2025-02-26T05:20:06.044Z,/scratch,5,3,2,0.07939,0.00506,0.0012,237,7.60712
67bea486d81a6c43b516c49d,2025-02-26T05:20:06.044Z,/projects,1,1,1,0.00136,0.07129,-0.00033,41,2.36842
67bea486d81a6c43b516c49e,2025-02-26T05:20:06.044Z,/customers,5,1,3,0.01133,0.00077,0.00138,176,4.2137
67bea6dc31103e7322f1a6ee,2025-02-26T05:30:04.650Z,/info,4,0,2,1.05434,0,-0.24314,102,8.60113
67bea6dc31103e7322f1a6ef,2025-02-26T05:30:04.650Z,/scratch,6,0,3,0.21087,0,0.00018,243,7.81817
67bea6dd31103e7322f1a6f0,2025-02-26T05:30:04.650Z,/projects,2,1,0,0.05821,0.00018,0,42,2.42645
67bea6dd31103e7322f1a6f1,2025-02-26T05:30:04.650Z,/customers,5,5,3,0.01313,0.01026,-0.03548,176,4.18109
67bea93435ba7d1a5fe41607,2025-02-26T05:40:04.232Z,/info,1,0,2,0.59419,0,-0.00002,103,9.1953
67bea93435ba7d1a5fe41608,2025-02-26T05:40:04.232Z,/scratch,4,1,4,0.00616,0.00013,0.00091,246,7.8251
67bea93435ba7d1a5fe41609,2025-02-26T05:40:04.232Z,/projects,2,3,1,0.0508,0.01202,-0.00003,41,2.4652
67bea93435ba7d1a5fe4160a,2025-02-26T05:40:04.232Z,/customers,6,1,3,0.10217,0.0003,0.00108,181,4.28405
67beab8cad27a015a64ef17d,2025-02-26T05:50:04.462Z,/info,1,0,0,0.20945,0,0,104,9.40475
67beab8cad27a015a64ef17e,2025-02-26T05:50:04.462Z,/scratch,5,3,3,0.12506,0.00676,0.00158,248,7.94498
67beab8cad27a015a64ef17f,2025-02-26T05:50:04.462Z,/projects,3,1,1,0.1454,0,0.00097,43,2.61157
67beab8cad27a015a64ef180,2025-02-26T05:50:04.462Z,/customers,6,1,1,0.81917,0.00038,-0.00246,186,5.10039
67beade456984d638a0c0430,2025-02-26T06:00:04.714Z,/info,2,3,2,0.00708,0.0781,-0.00018,103,9.33356
67beade456984d638a0c0431,2025-02-26T06:00:04.714Z,/scratch,8,1,1,1.06554,0.07818,-0.00006,255,8.93228
67beade556984d638a0c0432,2025-02-26T06:00:04.714Z,/projects,2,2,0,0.65645,0.0821,0,43,3.18592
67beade556984d638a0c0433,2025-02-26T06:00:04.714Z,/customers,6,1,2,0.05214,0.00016,-0.00132,191,5.15105
67beb03d60a9dacfa02f76fd,2025-02-26T06:10:05.735Z,/info,3,3,2,0.68566,0.78225,0.00109,103,9.23806
67beb03d60a9dacfa02f76fe,2025-02-26T06:10:05.735Z,/scratch,6,2,1,0.08447,0.00064,0.00097,259,9.01708
67beb03e60a9dacfa02f76ff,2025-02-26T06:10:05.735Z,/projects,1,1,1,0.00351,0.00001,0.00072,43,3.19013
67beb03e60a9dacfa02f7700,2025-02-26T06:10:05.735Z,/customers,5,0,1,0.31813,0,-0.00002,196,5.46916
67beb296fe7f298045671e56,2025-02-26T06:20:06.110Z,/info,4,0,1,0.84336,0,0.00028,107,10.0817
67beb296fe7f298045671e57,2025-02-26T06:20:06.110Z,/scratch,4,3,3,0.00305,0.05941,-0.00572,260,8.955
67beb296fe7f298045671e58,2025-02-26T06:20:06.110Z,/projects,3,2,0,0.0127,0.00631,0,44,3.19653
67beb296fe7f298045671e59,2025-02-26T06:20:06.110Z,/customers,3,8,2,0.05546,1.19107,-0.09813,191,4.23541
67beb4ed414fd4668c23f752,2025-02-26T06:30:05.595Z,/info,1,0,0,0.99364,0,0,108,11.07534
67beb4ed414fd4668c23f753,2025-02-26T06:30:05.595Z,/scratch,5,4,3,0.00623,0.06391,0.00006,261,8.89738
67beb4ed414fd4668c23f754,2025-02-26T06:30:05.595Z,/projects,3,0,1,0.99852,0,0.00072,47,4.19577
67beb4ee414fd4668c23f755,2025-02-26T06:30:05.595Z,/customers,5,0,3,0.15472,0,0.00151,196,4.39164
67beb744943aa1e79a6fd76d,2025-02-26T06:40:04.380Z,/info,3,4,6,0.04501,0.61475,-0.18797,107,10.31762
67beb744943aa1e79a6fd76e,2025-02-26T06:40:04.380Z,/scratch,4,1,3,0.27648,0.09451,-0.06588,264,9.01346
67beb744943aa1e79a6fd76f,2025-02-26T06:40:04.380Z,/projects,1,0,2,0.02465,0,0.00124,48,4.22166
67beb744943aa1e79a6fd770,2025-02-26T06:40:04.380Z,/customers,3,2,4,0.00179,0.00229,0.0007,197,4.39184
67beb99ce98b9f8dfc519720,2025-02-26T06:50:04.701Z,/info,3,1,5,0.96048,0.05469,-0.37033,109,10.85309
67beb99ce98b9f8dfc519721,2025-02-26T06:50:04.701Z,/scratch,7,2,2,0.23757,0.06075,0.00116,269,9.19144
67beb99de98b9f8dfc519722,2025-02-26T06:50:04.701Z,/projects,0,2,1,0,0.01129,0.00006,46,4.21044
67beb99de98b9f8dfc519723,2025-02-26T06:50:04.701Z,/customers,7,2,5,0.06789,0.06773,-0.00386,202,4.38814
67bebbf68949278540e7c206,2025-02-26T07:00:06.631Z,/info,2,1,5,0.02376,0.14355,0.00303,110,10.73632
67bebbf78949278540e7c207,2025-02-26T07:00:06.631Z,/scratch,4,0,2,0.11285,0,-0.38468,273,8.91961
67bebbf78949278540e7c208,2025-02-26T07:00:06.631Z,/projects,3,2,3,0.00475,0.58675,-0.00387,47,3.62458
67bebbf78949278540e7c209,2025-02-26T07:00:06.631Z,/customers,7,6,3,0.05369,0.03382,0.00163,203,4.40964
67bebe51bc5aa2149b762a04,2025-02-26T07:10:09.241Z,/info,6,5,3,0.05525,0.93035,-0.00074,111,9.86048
67bebe51bc5aa2149b762a05,2025-02-26T07:10:09.241Z,/scratch,6,2,1,0.19586,0.00313,0.00154,277,9.11388
67bebe51bc5aa2149b762a06,2025-02-26T07:10:09.241Z,/projects,1,0,2,0.74052,0,0.00096,48,4.36606
67bebe51bc5aa2149b762a07,2025-02-26T07:10:09.241Z,/customers,5,5,5,0.0541,0.07669,0.0032,203,4.39024
67bec0a455f0ebec9ba62f6f,2025-02-26T07:20:04.851Z,/info,4,6,5,0.0948,0.05086,-0.03652,109,9.86791
67bec0a555f0ebec9ba62f70,2025-02-26T07:20:04.851Z,/scratch,4,3,1,0.01452,0.01036,-0.02192,278,9.09613
67bec0a555f0ebec9ba62f71,2025-02-26T07:20:04.851Z,/projects,2,2,1,0.0022,0.01254,0.00019,48,4.3559
67bec0a555f0ebec9ba62f72,2025-02-26T07:20:04.851Z,/customers,5,7,5,0.0034,0.3022,-0.00305,201,4.08838
67bec2fecdca924de88a423d,2025-02-26T07:30:06.504Z,/info,3,4,2,0.08402,0.09501,-0.0511,108,9.80582
67bec2fecdca924de88a423e,2025-02-26T07:30:06.504Z,/scratch,6,4,0,0.07076,0.5196,0,280,8.64729
67bec2fecdca924de88a423f,2025-02-26T07:30:06.504Z,/projects,2,0,1,0.48958,0,0.00083,50,4.84631
67bec2fecdca924de88a4240,2025-02-26T07:30:06.504Z,/customers,8,1,7,0.00737,0.00019,-0.01585,208,4.07972
67bec5595ce9a29295aa1fa0,2025-02-26T07:40:08.922Z,/info,6,2,3,0.13258,0.04521,-0.43062,112,9.46257
67bec5595ce9a29295aa1fa1,2025-02-26T07:40:08.922Z,/scratch,4,5,2,0.02847,0.06742,-0.07725,279,8.53108
67bec5595ce9a29295aa1fa2,2025-02-26T07:40:08.922Z,/projects,0,0,2,0,0,0.00075,50,4.84705
67bec5595ce9a29295aa1fa3,2025-02-26T07:40:08.922Z,/customers,4,2,1,0.28133,0.00058,0.00078,210,4.36125
67bec7b0d7040622ff4e3a05,2025-02-26T07:50:07.443Z,/info,3,2,3,0.05007,0.14239,0.00056,113,9.3708
67bec7b1d7040622ff4e3a06,2025-02-26T07:50:07.443Z,/scratch,8,3,1,0.01834,0.00333,0.00038,284,8.54648
67bec7b1d7040622ff4e3a07,2025-02-26T07:50:07.443Z,/projects,3,1,1,0.00685,0.00136,-0.01031,52,4.84223
67bec7b2d7040622ff4e3a08,2025-02-26T07:50:07.443Z,/customers,7,1,2,0.02789,0.0166,-0.00089,216,4.37166
67beca069a19b40e624637ea,2025-02-26T08:00:05.926Z,/info,4,1,1,0.10878,0.00622,-0.00106,116,9.4723
67beca069a19b40e624637eb,2025-02-26T08:00:05.926Z,/scratch,7,1,2,0.07504,0.01757,0.00073,290,8.60467
67beca069a19b40e624637ec,2025-02-26T08:00:05.926Z,/projects,5,1,1,0.01078,0.00242,-0.09994,56,4.75064
67beca079a19b40e624637ed,2025-02-26T08:00:05.926Z,/customers,4,2,7,0.04254,0.00323,-0.01031,218,4.40066
67becc5b03a46927e03baa9d,2025-02-26T08:10:03.837Z,/info,3,1,1,0.85514,0.00042,-0.00086,118,10.32616
67becc5c03a46927e03baa9e,2025-02-26T08:10:03.837Z,/scratch,5,1,5,0.00942,0.00034,-0.00017,294,8.61357
67becc5c03a46927e03baa9f,2025-02-26T08:10:03.837Z,/projects,4,0,1,0.0568,0,-0.02079,60,4.78665
67becc5c03a46927e03baaa0,2025-02-26T08:10:03.837Z,/customers,9,3,5,0.00874,0.09395,0.00165,224,4.3171
67beceb5b7b6793191f5d54a,2025-02-26T08:20:05.563Z,/info,4,0,2,0.03892,0,0.00083,122,10.36591
67beceb5b7b6793191f5d54b,2025-02-26T08:20:05.563Z,/scratch,8,1,3,0.18711,0.00004,-0.07054,301,8.73011
67beceb5b7b6793191f5d54c,2025-02-26T08:20:05.563Z,/projects,2,3,2,0.03323,0.43872,0.00149,59,4.38265
67beceb6b7b6793191f5d54d,2025-02-26T08:20:05.563Z,/customers,9,4,3,0.01157,0.1312,0.00057,229,4.19803
67bed10d42c5e0d4dcf900fc,2025-02-26T08:30:05.085Z,/info,3,4,6,0.06859,0.14131,-0.0007,121,10.29249
67bed10d42c5e0d4dcf900fd,2025-02-26T08:30:05.085Z,/scratch,4,0,1,0.88779,0,0.00046,305,9.61836
67bed10d42c5e0d4dcf900fe,2025-02-26T08:30:05.085Z,/projects,3,1,1,0.00495,0.00111,0.0009,61,4.38739
67bed10d42c5e0d4dcf900ff,2025-02-26T08:30:05.085Z,/customers,4,3,6,0.05151,0.00259,0.00142,230,4.24837
67bed3651f1636536c8fc23a,2025-02-26T08:40:05.121Z,/info,2,1,4,0.82863,0.0003,-0.04925,122,11.07156
67bed3651f1636536c8fc23b,2025-02-26T08:40:05.121Z,/scratch,7,3,1,0.02947,0.20245,0.00035,309,9.44572
67bed3651f1636536c8fc23c,2025-02-26T08:40:05.121Z,/projects,2,0,0,0.09914,0,0,63,4.48653
67bed3651f1636536c8fc23d,2025-02-26T08:40:05.121Z,/customers,4,1,4,0.2185,0.00128,-0.05235,233,4.41323
67bed5be6f5e927dc3aa2d93,2025-02-26T08:50:06.079Z,/info,2,2,4,0.74552,0.08557,-0.75115,122,10.98036
67bed5be6f5e927dc3aa2d94,2025-02-26T08:50:06.079Z,/scratch,6,2,2,0.20064,0.00488,0.00033,313,9.64181
67bed5be6f5e927dc3aa2d95,2025-02-26T08:50:06.079Z,/projects,4,0,2,0.03205,0,0.00056,67,4.51914
67bed5bf6f5e927dc3aa2d96,2025-02-26T08:50:06.079Z,/customers,5,1,3,0.0215,0.07749,0.00148,237,4.35873
67bed8168d6a01b6ad72fa08,2025-02-26T09:00:06.375Z,/info,1,1,2,0.94067,0.00003,0.00208,122,11.92308
67bed8168d6a01b6ad72fa09,2025-02-26T09:00:06.375Z,/scratch,4,0,4,0.11591,0,-0.00654,317,9.75118
67bed8168d6a01b6ad72fa0a,2025-02-26T09:00:06.375Z,/projects,2,0,1,0.44896,0,0.00045,69,4.96854
67bed8168d6a01b6ad72fa0b,2025-02-26T09:00:06.375Z,/customers,7,7,2,0.05661,0.00486,-0.04684,237,4.36364
67beda6d467879691cd2bdac,2025-02-26T09:10:05.047Z,/info,5,4,2,0.74868,0.42474,0.00095,123,12.24797
67beda6d467879691cd2bdad,2025-02-26T09:10:05.047Z,/scratch,6,1,1,0.89992,0.62539,-0.00261,322,10.02311
67beda6d467879691cd2bdae,2025-02-26T09:10:05.047Z,/projects,2,1,0,0.00044,0.00127,0,70,4.96771
67beda6d467879691cd2bdaf,2025-02-26T09:10:05.047Z,/customers,4,4,3,0.7318,0.0255,0.0012,237,5.07114
67bedcc5df7aff2cda11cd5b,2025-02-26T09:20:05.093Z,/info,2,2,0,0.09511,0.00031,0,123,12.34278
67bedcc5df7aff2cda11cd5c,2025-02-26T09:20:05.093Z,/scratch,5,2,3,0.00848,0.00237,-0.00045,325,10.02876
67bedcc5df7aff2cda11cd5d,2025-02-26T09:20:05.093Z,/projects,2,0,2,0.84972,0,0.00114,72,5.81858
67bedcc5df7aff2cda11cd5e,2025-02-26T09:20:05.093Z,/customers,3,0,2,0.68304,0,0.00085,240,5.75503
67bedf1e90ab793a33f33497,2025-02-26T09:30:06.210Z,/info,3,2,3,0.1377,0.08373,0.00042,124,12.39716
67bedf1e90ab793a33f33498,2025-02-26T09:30:06.210Z,/scratch,8,4,0,0.02647,0.00466,0,329,10.05057
67bedf1e90ab793a33f33499,2025-02-26T09:30:06.210Z,/projects,2,0,2,0.00262,0,0.00148,74,5.82268
67bedf1e90ab793a33f3349a,2025-02-26T09:30:06.210Z,/customers,3,1,2,0.00351,0.00095,0.00072,242,5.75832
67bee1774557621b18af3929,2025-02-26T09:40:06.971Z,/info,7,2,0,0.01333,0.04471,0,129,12.36578
67bee1774557621b18af392a,2025-02-26T09:40:06.971Z,/scratch,7,3,2,0.23136,0.00388,0.00015,333,10.2782
67bee1774557621b18af392b,2025-02-26T09:40:06.971Z,/projects,4,1,0,0.06059,0.00102,0,77,5.88226
67bee1774557621b18af392c,2025-02-26T09:40:06.971Z,/customers,6,2,0,0.07098,0.01157,0,246,5.81772
67bee3cdbbf08975250ac26d,2025-02-26T09:50:05.473Z,/info,5,4,5,0.11134,0.61633,0.00037,130,11.86116
67bee3cdbbf08975250ac26e,2025-02-26T09:50:05.473Z,/scratch,6,0,1,0.91797,0,0.00046,339,11.19664
67bee3cebbf08975250ac26f,2025-02-26T09:50:05.473Z,/projects,2,1,1,0.0389,0.0018,0.00021,78,5.91957
67bee3cebbf08975250ac270,2025-02-26T09:50:05.473Z,/customers,5,2,3,0.59691,0.00598,0.00111,249,6.40976
67bee6250042821502af0154,2025-02-26T10:00:05.024Z,/info,3,2,4,0.02025,0.07306,0.00275,131,11.81109
67bee6250042821502af0155,2025-02-26T10:00:05.024Z,/scratch,3,0,0,0.08286,0,0,342,11.2795
67bee6250042821502af0156,2025-02-26T10:00:05.024Z,/projects,1,3,1,0.05619,0.17785,-0.00002,76,5.79789
67bee6250042821502af0157,2025-02-26T10:00:05.024Z,/customers,6,1,4,0.08198,0.02425,0.00312,254,6.47061
67bee87c18ca12b6fd895afd,2025-02-26T10:10:03.946Z,/info,4,2,2,0.08573,0.03722,-0.03911,133,11.82048
67bee87c18ca12b6fd895afe,2025-02-26T10:10:03.946Z,/scratch,6,2,3,0.08178,0.00027,0.00144,346,11.36245
67bee87c18ca12b6fd895aff,2025-02-26T10:10:03.946Z,/projects,1,1,2,0.00007,0.03858,-0.00514,76,5.75424
67bee87c18ca12b6fd895b00,2025-02-26T10:10:03.946Z,/customers,8,4,7,0.00673,0.00302,-0.01112,258,6.4632
67beead6b01eeac2208d2e4a,2025-02-26T10:20:05.894Z,/info,4,0,5,0.37291,0,-0.03998,137,12.15341
67beead6b01eeac2208d2e4b,2025-02-26T10:20:05.894Z,/scratch,8,1,2,0.35681,0.04489,-0.00199,353,11.67238
67beead6b01eeac2208d2e4c,2025-02-26T10:20:05.894Z,/projects,2,0,1,0.61271,0,-0.00276,78,6.36418
67beead6b01eeac2208d2e4d,2025-02-26T10:20:05.894Z,/customers,8,1,4,0.02423,0.00139,0.00027,265,6.48631
67beed2d6c517b66411cf06b,2025-02-26T10:30:05.165Z,/info,3,0,0,0.03806,0,0,140,12.19147
67beed2d6c517b66411cf06c,2025-02-26T10:30:05.165Z,/scratch,7,2,0,1.01309,0.02875,0,358,12.65673
67beed2d6c517b66411cf06d,2025-02-26T10:30:05.165Z,/projects,2,0,2,0.00062,0,-0.07175,80,6.29305
67beed2d6c517b66411cf06e,2025-02-26T10:30:05.165Z,/customers,7,2,3,0.71193,0.04673,0.00134,270,7.15285
67beef863d5fd0fca6536a7e,2025-02-26T10:40:06.804Z,/info,4,0,5,0.09859,0,-0.06615,144,12.22391
67beef873d5fd0fca6536a7f,2025-02-26T10:40:06.804Z,/scratch,4,1,2,0.10234,0.00355,-0.12313,361,12.6324
67beef873d5fd0fca6536a80,2025-02-26T10:40:06.804Z,/projects,5,0,2,0.08645,0,0.0017,85,6.3812
67beef873d5fd0fca6536a81,2025-02-26T10:40:06.804Z,/customers,3,0,1,0.00789,0,-0.00002,273,7.16072
67bef1dd00b2414b588bb79d,2025-02-26T10:50:05.644Z,/info,2,4,4,0.00669,0.03093,0.00081,142,12.20048
67bef1dd00b2414b588bb79e,2025-02-26T10:50:05.644Z,/scratch,5,4,2,0.06243,0.03707,0.00012,362,12.65789
67bef1de00b2414b588bb79f,2025-02-26T10:50:05.644Z,/projects,5,2,0,0.00791,0.12304,0,88,6.26608
67bef1de00b2414b588bb7a0,2025-02-26T10:50:05.644Z,/customers,8,4,7,0.09412,0.00816,0.00222,277,7.2489
67bef435c606d5a18ef63448,2025-02-26T11:00:05.389Z,/info,3,3,1,1.69233,0.00113,0.00091,142,13.89259
67bef435c606d5a18ef63449,2025-02-26T11:00:05.389Z,/scratch,9,2,1,0.1349,0.033,-0.00273,369,12.75705
67bef435c606d5a18ef6344a,2025-02-26T11:00:05.389Z,/projects,3,1,0,0.10536,0.00012,0,90,6.37132
67bef436c606d5a18ef6344b,2025-02-26T11:00:05.389Z,/customers,5,4,4,0.07317,0.00989,0.00225,278,7.31443
67bef691fc785b8e4004e21f,2025-02-26T11:10:09.498Z,/info,3,1,1,0.00426,0.00037,0.00016,144,13.89663
67bef691fc785b8e4004e220,2025-02-26T11:10:09.498Z,/scratch,4,2,3,0.08738,0.05849,0.00197,371,12.78791
67bef691fc785b8e4004e221,2025-02-26T11:10:09.498Z,/projects,3,0,3,0.00226,0,-0.02411,93,6.34947
67bef692fc785b8e4004e222,2025-02-26T11:10:09.498Z,/customers,5,4,3,0.00992,0.00607,-0.07119,279,7.2471
67bef8e5c22c72ffb569ca41,2025-02-26T11:20:05.374Z,/info,3,1,2,0.10193,0.00011,0.00085,146,13.9993
67bef8e5c22c72ffb569ca42,2025-02-26T11:20:05.374Z,/scratch,3,1,2,0.52521,0.00056,0.00034,373,13.3129
67bef8e5c22c72ffb569ca43,2025-02-26T11:20:05.374Z,/projects,2,1,1,0.2368,0.00049,0.00059,94,6.58637
67bef8e6c22c72ffb569ca44,2025-02-26T11:20:05.374Z,/customers,5,2,2,0.17823,0.0031,0.0008,282,7.42303
67befb3cc8b2fe3331dd6263,2025-02-26T11:30:04.530Z,/info,5,1,3,0.06962,0.09259,-0.18372,150,13.79261
67befb3cc8b2fe3331dd6264,2025-02-26T11:30:04.530Z,/scratch,4,3,1,0.62828,0.00434,0.00062,374,13.93746
67befb3cc8b2fe3331dd6265,2025-02-26T11:30:04.530Z,/projects,4,0,1,0.02583,0,-0.02002,98,6.59218
67befb3dc8b2fe3331dd6266,2025-02-26T11:30:04.530Z,/customers,6,1,5,0.01485,0.00515,-0.01319,287,7.41954
67befd951005fa7d6f2f633b,2025-02-26T11:40:04.952Z,/info,3,1,0,1.51137,0.00042,0,152,15.30356
67befd951005fa7d6f2f633c,2025-02-26T11:40:04.952Z,/scratch,1,2,3,0.00272,0.00326,-0.00708,373,13.92983
67befd951005fa7d6f2f633d,2025-02-26T11:40:04.952Z,/projects,3,1,0,0.12969,0.00094,0,100,6.72093
67befd951005fa7d6f2f633e,2025-02-26T11:40:04.952Z,/customers,8,3,2,0.09121,0.00132,-0.02258,292,7.48685
67beffeec60a864aa9232833,2025-02-26T11:50:06.871Z,/info,2,0,0,0.00787,0,0,154,15.31142
67beffefc60a864aa9232834,2025-02-26T11:50:06.871Z,/scratch,8,3,1,0.12708,0.0028,0.00047,378,14.05458
67beffefc60a864aa9232835,2025-02-26T11:50:06.871Z,/projects,2,0,3,0.08621,0,-0.00196,102,6.80519
67beffefc60a864aa9232836,2025-02-26T11:50:06.871Z,/customers,7,4,3,0.56219,0.01762,-0.17272,295,7.85871
67bf0244621467fa79b8e174,2025-02-26T12:00:04.339Z,/info,3,1,2,0.88313,0.68307,0.00126,156,15.51273
67bf0244621467fa79b8e175,2025-02-26T12:00:04.339Z,/scratch,5,3,1,0.89429,0.08874,-0.00726,380,14.85287
67bf0244621467fa79b8e176,2025-02-26T12:00:04.339Z,/projects,2,1,2,0.0704,0.00103,-0.00018,103,6.87437
67bf0244621467fa79b8e177,2025-02-26T12:00:04.339Z,/customers,4,3,1,0.08208,0.03838,0.00042,296,7.90283
67bf049dd1f4fb48dd1cba31,2025-02-26T12:10:05.677Z,/info,5,2,3,0.09584,0.80347,0.00165,159,14.80675
67bf049dd1f4fb48dd1cba32,2025-02-26T12:10:05.677Z,/scratch,7,0,0,0.10891,0,0,387,14.96178
67bf049ed1f4fb48dd1cba33,2025-02-26T12:10:05.677Z,/projects,2,0,3,0.00205,0,-0.00877,105,6.86766
67bf049ed1f4fb48dd1cba34,2025-02-26T12:10:05.677Z,/customers,8,4,3,0.99449,0.0026,0.00108,300,8.8958
67bf06f5bfe5634e6edd0d3b,2025-02-26T12:20:05.612Z,/info,4,2,0,0.06513,0.61493,0,161,14.25695
67bf06f5bfe5634e6edd0d3c,2025-02-26T12:20:05.612Z,/scratch,5,2,1,0.04897,0.00489,-0.00007,390,15.00579
67bf06f6bfe5634e6edd0d3d,2025-02-26T12:20:05.612Z,/projects,3,1,2,0.01024,0.00038,0.00084,107,6.87836
67bf06f6bfe5634e6edd0d3e,2025-02-26T12:20:05.612Z,/customers,2,3,1,0.00079,0.00211,0.00068,299,8.89516
67bf094dded0b2663ed6bb27,2025-02-26T12:30:05.195Z,/info,4,3,1,1.06501,0.00382,0.00052,162,15.31865
67bf094dded0b2663ed6bb28,2025-02-26T12:30:05.195Z,/scratch,3,4,3,0.05893,1.02468,0.00091,389,14.04095
67bf094dded0b2663ed6bb29,2025-02-26T12:30:05.195Z,/projects,4,1,0,0.07981,0.55211,0,110,6.40607
67bf094dded0b2663ed6bb2a,2025-02-26T12:30:05.195Z,/customers,5,2,5,0.08088,0.00049,-0.00205,302,8.9735
67bf0bbe90b9b94304e924b4,2025-02-26T12:40:30.214Z,/info,3,2,0,0.01057,0.03854,0,163,15.29068
67bf0bbe90b9b94304e924b5,2025-02-26T12:40:30.214Z,/scratch,3,5,2,0.03131,0.00816,-0.00019,387,14.06391
67bf0bbe90b9b94304e924b6,2025-02-26T12:40:30.214Z,/projects,2,1,3,0.0527,0.00386,-0.04618,111,6.40872
67bf0bbe90b9b94304e924b7,2025-02-26T12:40:30.214Z,/customers,4,2,5,0.16719,0.08089,0.00116,304,9.06096
67bf0e0452bbbb54bb814dd3,2025-02-26T12:50:12.620Z,/info,4,6,3,0.00834,0.02687,0.00025,161,15.2724
67bf0e0652bbbb54bb814dd4,2025-02-26T12:50:12.620Z,/scratch,3,1,3,0.35773,0.00156,0.00111,389,14.42119
67bf0e0652bbbb54bb814dd5,2025-02-26T12:50:12.620Z,/projects,2,0,1,0.01841,0,0.00059,113,6.42772
67bf0e0752bbbb54bb814dd6,2025-02-26T12:50:12.620Z,/customers,4,1,3,0.12671,0.09408,0.00158,307,9.09518
67bf1055a9036a18c2b907a0,2025-02-26T13:00:05.094Z,/info,5,0,2,1.89628,0,-0.00618,166,17.16251
67bf1055a9036a18c2b907a1,2025-02-26T13:00:05.094Z,/scratch,2,4,1,0.02238,0.00209,-0.00013,387,14.44136
67bf1055a9036a18c2b907a2,2025-02-26T13:00:05.094Z,/projects,3,3,1,0.00093,0.0245,0.00036,113,6.40452
67bf1055a9036a18c2b907a3,2025-02-26T13:00:05.094Z,/customers,6,6,4,0.02544,0.00737,0.00125,307,9.11449
67bf12b12e2aba3a32c464f3,2025-02-26T13:10:09.401Z,/info,1,1,0,0.00077,0.00123,0,166,17.16205
67bf12b12e2aba3a32c464f4,2025-02-26T13:10:09.401Z,/scratch,5,3,1,0.94809,0.00371,0.00037,389,15.38611
67bf12b12e2aba3a32c464f5,2025-02-26T13:10:09.401Z,/projects,1,1,2,0.61578,0.00022,-0.00217,113,7.01791
67bf12b12e2aba3a32c464f6,2025-02-26T13:10:09.401Z,/customers,7,0,1,0.09472,0,-0.00031,314,9.20889
67bf15055758507aaa88807b,2025-02-26T13:20:05.814Z,/info,5,2,1,1.08118,0.15851,-0.02178,169,18.06294
67bf15065758507aaa88807c,2025-02-26T13:20:05.814Z,/scratch,4,2,0,0.19979,0.35276,0,391,15.23315
67bf15065758507aaa88807d,2025-02-26T13:20:05.814Z,/projects,1,0,2,0.00321,0,0.00165,114,7.02277
67bf15065758507aaa88807e,2025-02-26T13:20:05.814Z,/customers,7,4,0,0.69092,0.08625,0,317,9.81356
67bf175c0b09661976d632d4,2025-02-26T13:30:04.490Z,/info,3,1,2,1.00162,0.09204,0.00128,171,18.9738
67bf175c0b09661976d632d5,2025-02-26T13:30:04.490Z,/scratch,6,1,3,0.03208,0.00464,-0.03823,396,15.22235
67bf175c0b09661976d632d6,2025-02-26T13:30:04.490Z,/projects,3,2,1,0.00471,0.00132,0.00039,115,7.02655
67bf175d0b09661976d632d7,2025-02-26T13:30:04.490Z,/customers,4,1,2,0.00077,0.00353,0.00183,320,9.81264
67bf19b406a9bb3e03d5dd87,2025-02-26T13:40:04.802Z,/info,2,3,2,0.00057,0.92519,-0.00007,170,18.04912
67bf19b506a9bb3e03d5dd88,2025-02-26T13:40:04.802Z,/scratch,5,3,1,0.0971,0.00138,0.00084,398,15.31891
67bf19b506a9bb3e03d5dd89,2025-02-26T13:40:04.802Z,/projects,1,1,2,0.00069,0.00334,-0.00317,115,7.02073
67bf19b506a9bb3e03d5dd8a,2025-02-26T13:40:04.802Z,/customers,8,0,2,1.01713,0,0.00098,328,10.83074
67bf1c0d4bac1bf7cc9bc041,2025-02-26T13:50:05.299Z,/info,3,3,2,1.23598,1.42495,0.0005,170,17.86065
67bf1c0d4bac1bf7cc9bc042,2025-02-26T13:50:05.299Z,/scratch,4,4,3,0.96397,0.01033,-0.05312,398,16.21944
67bf1c0d4bac1bf7cc9bc043,2025-02-26T13:50:05.299Z,/projects,1,2,1,0.08375,0.05716,-0.02734,114,7.01996
67bf1c0d4bac1bf7cc9bc044,2025-02-26T13:50:05.299Z,/customers,4,3,1,0.00524,0.00448,-0.00022,329,10.83128
67bf1e680580c811300ea342,2025-02-26T14:00:08.799Z,/info,1,0,1,0.00273,0,0,171,17.86337
67bf1e690580c811300ea343,2025-02-26T14:00:08.799Z,/scratch,1,2,2,0.0004,0.00327,-0.02057,397,16.196
67bf1e690580c811300ea344,2025-02-26T14:00:08.799Z,/projects,1,1,3,0.00044,0.05128,0.00059,114,6.96971
67bf1e690580c811300ea345,2025-02-26T14:00:08.799Z,/customers,6,1,5,0.12391,0.00004,-0.00365,334,10.9515
67bf20bdb50d21e2e4d60263,2025-02-26T14:10:05.332Z,/info,5,1,2,0.13417,0.46795,0.0013,175,17.53089
67bf20beb50d21e2e4d60264,2025-02-26T14:10:05.332Z,/scratch,6,2,1,0.13644,0.00207,-0.00009,401,16.33028
67bf20beb50d21e2e4d60265,2025-02-26T14:10:05.332Z,/projects,1,0,2,0.84305,0,0.00045,115,7.81321
67bf20beb50d21e2e4d60266,2025-02-26T14:10:05.332Z,/customers,4,2,2,0.09253,0.00529,0.00038,336,11.03911
67bf231444d1e0d63bf43e72,2025-02-26T14:20:04.529Z,/info,4,2,2,0.13868,0.09555,0.00084,177,17.57486
67bf231444d1e0d63bf43e73,2025-02-26T14:20:04.529Z,/scratch,11,1,3,0.01464,0.00093,-0.00212,411,16.34187
67bf231444d1e0d63bf43e74,2025-02-26T14:20:04.529Z,/projects,0,0,3,0,0,0.00083,115,7.81404
67bf231444d1e0d63bf43e75,2025-02-26T14:20:04.529Z,/customers,7,1,2,0.16787,0.00036,0.00012,342,11.20674
67bf256d9b14b6aa6d36198c,2025-02-26T14:30:04.928Z,/info,1,3,2,0.42718,0.09941,-0.00047,175,17.90216
67bf256d9b14b6aa6d36198d,2025-02-26T14:30:04.928Z,/scratch,6,4,3,0.31462,0.006,-0.03966,413,16.61082
67bf256d9b14b6aa6d36198e,2025-02-26T14:30:04.928Z,/projects,2,1,0,0.91931,0.00172,0,116,8.73163
67bf256d9b14b6aa6d36198f,2025-02-26T14:30:04.928Z,/customers,4,0,2,1.74565,0,0.00057,346,12.95296
67bf27c52d9d53dd9c9410b4,2025-02-26T14:40:04.939Z,/info,6,2,1,0.00878,0.97065,-0.34888,179,16.59141
67bf27c52d9d53dd9c9410b5,2025-02-26T14:40:04.939Z,/scratch,4,0,0,0.11042,0,0,417,16.72124
67bf27c52d9d53dd9c9410b6,2025-02-26T14:40:04.939Z,/projects,2,1,0,0.07808,0.00012,0,117,8.8096
67bf27c52d9d53dd9c9410b7,2025-02-26T14:40:04.939Z,/customers,2,2,0,0.45554,0.00369,0,346,13.40481
67bf2a1cbb0acd68fa480e7a,2025-02-26T14:50:04.534Z,/info,5,2,0,0.0715,0.00141,0,182,16.6615
67bf2a1cbb0acd68fa480e7b,2025-02-26T14:50:04.534Z,/scratch,8,1,2,0.31797,0.49149,0.00126,424,16.54898
67bf2a1cbb0acd68fa480e7c,2025-02-26T14:50:04.534Z,/projects,1,2,1,0.02237,0.05047,0.00075,116,8.78224
67bf2a1dbb0acd68fa480e7d,2025-02-26T14:50:04.534Z,/customers,5,2,4,0.41162,0.0065,0.00153,349,13.81145
67bf2c7505611cd51c58f6ec,2025-02-26T15:00:05.617Z,/info,6,4,4,0.76967,0.17185,-0.20339,184,17.05592
67bf2c7605611cd51c58f6ed,2025-02-26T15:00:05.617Z,/scratch,2,2,4,0.099,0.00463,-0.0614,424,16.58195
67bf2c7605611cd51c58f6ee,2025-02-26T15:00:05.617Z,/projects,1,1,3,0.00046,0.00027,0.00282,116,8.78526
67bf2c7605611cd51c58f6ef,2025-02-26T15:00:05.617Z,/customers,3,0,0,0.00808,0,0,352,13.81953
67bf2ecebee53c1bf9a90e69,2025-02-26T15:10:06.109Z,/info,5,0,3,0.47004,0,-0.00482,189,17.52114
67bf2ecebee53c1bf9a90e6a,2025-02-26T15:10:06.109Z,/scratch,9,1,2,0.0674,0.00195,0.0006,432,16.648
67bf2ecebee53c1bf9a90e6b,2025-02-26T15:10:06.109Z,/projects,4,3,0,0.04138,0.07385,0,117,8.75279
67bf2ecebee53c1bf9a90e6c,2025-02-26T15:10:06.109Z,/customers,5,2,4,0.06549,0.08551,0.00183,355,13.80135
